aahed9aalii5aargh9abaca9abaci9aback13abaft10abaka11abamp11abase7abash10abate7abaya10abbas9abbes9abbey12abbot9abeam9abele7abets7abhor10abide8abled8abler7ables7abmho12abode8abohm12aboil7aboma9aboon7abort7about7above10abris7abuse7abuts7abuzz25abyes10abysm12abyss10acari7acerb9aceta7ached11aches10achoo10acids8acidy11acing8acini7ackee11acmes9acmic11acned8acnes7acock13acold8acorn7acred8acres7acrid8acted8actin7actor7acute7acyls10adage7adapt8addax14added8adder7addle7adeem8adept8adieu6adios6adits6adman8admen8admit8admix15adobe8adobo8adopt8adore6adorn6adown9adoze15adult6adunc8adust6adyta9adzed16adzes15aecia7aedes6aegis6aeons5aerie5afars8affix18afire8afoot8afore8afoul8afrit8after8again6agama8agape8agars6agate6agave9agaze15agene6agent6agers6agger7aggie7aggro7aghas9agile6aging7agios6agism8agist6agita6aglee6aglet6agley9aglow9agmas8agone6agons6agony9agora6agree6agria6agues6ahead9ahing9ahold9ahull8aided7aider6aides6ailed6aimed8aimer7aioli5aired6airer5airns5airth8airts5aisle5aitch10aiver8ajiva15ajuga13akees9akela9akene9alack11alamo7aland6alane5alang6alans5alant5alarm7alary8alate5albas7album9alcid8alder6aldol6alecs7alefs8aleph10alert5alfas8algae6algal6algas6algid7algin6algor6algum8alias5alibi7alien5alifs8align6alike9aline5alist5alive8aliya8alkie9alkyd13alkyl12allay8allee5alley8allod6allot5allow8alloy8allyl8almah10almas7almeh10almes7almud8almug8aloes5aloft8aloha8aloin5alone5along6aloof8aloud6alpha10altar5alter5altho8altos5alula5alums7alway11amahs10amain7amass7amaze16amber9ambit9amble9ambos9ambry12ameba9ameer7amend8amens7ament7amias7amice9amici9amide8amido8amids8amies7amiga8amigo8amine7amino7amins7amirs7amiss7amity10ammos9amnia7amnic9amnio7amoks11amole7among8amort7amour7amped10ample9amply12ampul9amuck13amuse7amyls10ancho10ancon7andro6anear5anele5anent5angas6angel6anger6angle6anglo6angry9angst6anile5anils5anima7anime7animi7anion5anise5ankhs12ankle9ankus9anlas5annal5annas5annex12annoy8annul5anoas5anode6anole5anomy10ansae5antae5antas5anted6antes5antic7antis5antra5antre5antsy8anvil8anyon8aorta5apace9apart7apeak11apeek11apers7apery10aphid11aphis10apian7aping8apish10apnea7apods8aport7appal9appel9apple9apply12apres7apron7apses7apsis7apter7aptly10aquae14aquas14araks9arame7arbor7arced8arcus7ardeb8ardor6areae5areal5areas5areca7areic7arena5arene5arepa7arete5argal6argil6argle6argol6argon6argot6argue6argus6arhat8arias5ariel5arils5arise5arles5armed8armer7armet7armor7aroid6aroma7arose5arpen7arras5array8arris5arrow8arses5arsis5arson5artal5artel5artsy8arums7arval8arvos8aryls8asana5ascot7ascus7asdic8ashed9ashen8ashes8aside6asked10asker9askew12askoi9askos9aspen7asper7aspic9aspis7assai5assay8asses5asset5aster5astir5asyla8ataps7ataxy15atilt5atlas5atman7atmas7atoll5atoms7atomy10atone5atony8atopy10atria5atrip7attar5attic7audad7audio6audit6auger6aught9augur6aulic7aunts5aunty8aurae5aural5aurar5auras5aurei5aures5auric7auris5aurum7autos5auxin12avail8avant8avast8avens8avers8avert8avgas9avian8avion8aviso8avoid9avows11await8awake12award9aware8awash11awful11awing9awned9awoke12awols8axels12axial12axile12axils12axing13axiom14axion12axite12axled13axles12axman14axmen14axone12axons12ayahs11ayins8azans14azide15azido15azine14azlon14azoic16azole14azons14azote14azoth17azuki18azure14baaed8baals7babas9babel9babes9babka13baboo9babul9babus9bacca11backs13bacon9baddy12badge9badly11baffs13baffy16bagel8baggy12bahts10bails7bairn7baith10baits7baiza16baize16baked12baker11bakes11balas7balds8baldy11baled8baler7bales7balks11balky14balls7bally10balms9balmy12balsa7banal7banco9banda8bands8bandy11baned8banes7bangs8banjo14banks11banns7banty10barbe9barbs9barca9barde8bards8bared8barer7bares7barfs10barge8baric9barks11barky14barms9barmy12barns7barny10baron7barre7barye10basal7based8baser7bases7basic9basil7basin7basis7basks11bassi7basso7bassy10baste7basts7batch12bated8bates7bathe10baths10batik11baton7batts7battu7batty10bauds8baulk11bawds11bawdy14bawls10bawty13bayed11bayou10bazar16bazoo16beach12beads8beady11beaks11beaky14beams9beamy12beano7beans7beard8bears7beast7beats7beaus7beaut7beaux14bebop11becap11becks13bedel8bedew11bedim10beech12beedi8beefs10beefy13beeps9beers7beery10beets7befit10befog11began8begat8beget8begin8begot8begum10begun8beige8beigy11being8belay10belch12belga8belie7belle7bells7belly10belon7below10belts7bemas9bemix16bench12bends8bendy11benes7benne7benni7benny10bento7bents7beret7bergs8berks11berme9berms9berry10berth10beryl10beses7beset7besom9besot7bests7betas7betel7beths10beton7betta7bevel10bevor10bewig11bezel16bezil16bhang11bhoot10bhuts10biali7bialy10bibbs11bible9bicep11bices9biddy12bided9bider8bides8bidet8bidis8bield8biers7biffs13biffy16bifid11biggy12bight11bigly11bigos8bigot8bijou14biked12biker11bikes11bikie11bilbo9bilby12biles7bilge8bilgy11bilks11bills7billy10bimah12bimas9binal7bindi8binds8biner7bines7binge8bingo8binit7bints7biogs8biome9biont7biota7biped10bipod10birch12birds8birks11birle7birls7biros7birrs7birse7birth10bises7bisks11bison7biter7bites7bitsy10bitts7bitty10bizes16blabs9blade8blaff13blahs10blain7blame9blams9bland8blank11blare7blase7blast7blate7blats7blawn10blaws10blaze16bleak11blear7bleat7blebs9bleed8bleep9blend8blent7bless7blest7blets7blimp11blimy12blind8blini7blink11blips9bliss7blite7blitz16bloat7blobs9block13blocs9blogs8bloke11blond8blood8bloom9bloop9blots7blown10blows10blowy13blubs9blued8bluer7blues7bluet7bluey10bluff13blume9blunt7blurb9blurs7blurt7blush10blype12board8boars7boart7boast7boats7bobby14bocce11bocci11boche12bocks13boded9bodes8boffo13boffs13bogan8bogey11boggy12bogie8bogle8bogus8bohea10bohos10boils7boing8boink11boite7bolar7bolas7bolds8boles7bolls7bolos7bolts7bolus7bombe11bombs11bonds8boned8bones7boney10bongo8bongs8bonks11bonne7bonny10bonus7bonze16boobs9booby12boody11booed8boogy11books11booms9boomy12boons7boors7boost7booth10boots7booty10booze16boozy19boral7boras7borax14bored8borer7bores7boric9borks11borne7boron7borts7borty10bortz16bosks11bosky14bosom9boson7bossy10bosun7botas7botch12botel7bothy13botts7bough11boule7bound8bourg8bourn7bouse7bousy10bouts7bovid11bowed11bowel10bower10bowls10bowse10boxed15boxer14boxes14boyar10boyla10boyos10bozos16brace9brach12bract9brads8braes7brags8braid8brail7brain7brake11braky14brand8brank11brans7brant7brash10brass7brats7brava10brave10bravi10bravo10brawl10brawn10braws10braxy17brays10braza16braze16bread8break11bream9brede8breed8brees7brens7brent7breve10brews10briar7bribe9brick13bride8brief10brier7bries7brigs8brill7brims9brine7bring8brink11brins7briny10brios7brisk11briss7brith10brits7britt7broad8brock13broil7broke11brome9bromo9bronc9brood8brook11broom9broos7brose7brosy10broth10brown10brows10brugh11bruin7bruit7brume9brung8brunt7brush10brusk11brute7bruts7bubal9bubba11bubby14bubus9bucko13bucks13buddy12budge9buffi13buffo13buffs13buffy16buggy12bugle8buhls10buhrs10build8built7bulbs9bulge8bulgy11bulks11bulky14bulla7bulls7bully10bumfs12bumph14bumps11bumpy14bunas7bunch12bunco9bunds8bundt8bungs8bunko11bunks11bunns7bunny10bunts7bunya10buoys10buppy14buran7buras7burbs9burds8buret7burgh11burgs8burin7burka11burke11burls7burly10burns7burnt7burps9burqa16burro7burrs7burry10bursa7burse7burst7busby12bused8buses7bushy13busks11busts7busty10butch12buteo7butes7butle7butte7butts7butty10butut7butyl10buxom16buyer10bwana10bylaw13byres10byrls10byssi10bytes10byway16cabal9cabby14caber9cabin9cable9cabob11cacao9cacas9cache12cacti9caddy12cades8cadet8cadge9cadgy12cadis8cadre8caeca9cafes10caffs13caged9cager8cages8cagey11cahow13caids8cains7caird8cairn7cajon14caked12cakes11cakey14calfs10calif10calix14calks11calla7calls7calms9calos7calve10calyx17camas9camel9cameo9cames9camos9campi11campo11camps11campy14canal7candy11caned8caner7canes7canid8canna7canny10canoe7canon7canso7canst7canto7cants7canty10caped10caper9capes9caphs12capiz18capon9capos9caput9carat7carbo9carbs9cards8cared8carer7cares7caret7carex14cargo8carks11carle7carls7carns7carny10carob9carol7carom9carpi9carps9carrs7carry10carse7carte7carts7carve10casas7cased8cases7casks11casky14caste7casts7casus7catch12cater7cates7catty10cauld8caulk11cauls7cause7caved11caver10caves10cavie10cavil10cawed11cease7cebid10cecal9cecum11cedar8ceded9ceder8cedes8cedis8ceiba9ceili7ceils7celeb9cella7celli7cello7cells7celom9celts7cense7cento7cents7centu7ceorl7cepes9cerci9cered8ceres7ceria7ceric9ceros7cesta7cesti7cetes7chads11chafe13chaff16chain10chair10chais10chalk14champ14chams12chang11chant10chaos10chape12chaps12chapt12chard11chare10chark14charm12charr10chars10chart10chary13chase10chasm12chats10chaws13chays13cheap12cheat10check16cheek14cheep12cheer10chefs13chela10chemo12chert10chess10chest10cheth13chevy16chews13chewy16chiao10chias10chica12chick16chico12chics12chide11chief13chiel10child11chile10chili10chill10chimb14chime12chimp14china10chine10chino10chins10chips12chirk14chirm12chiro10chirp12chirr10chiru10chits10chive13chivy16chock16choir10choke14choky17chola10cholo10chomp14chook14chops12chord11chore10chose10chott10chows13chubs12chuck16chufa13chuff16chugs11chump14chums12chunk14churl10churn10churr10chute10chyle13chyme15cibol9cider8cigar8cilia7cimex16cinch12cines7cions7circa9cires7cirri7cisco9cissy10cists7cited8citer7cites7civet10civic12civie10civil10civvy16clach12clack13clade8clads8clags8claim9clamp11clams9clang8clank11clans7claps9clapt9claro7clary10clash10clasp9class7clast7clave10clavi10claws10clays10clean7clear7cleat7cleek11clefs10cleft10clepe9clept9clerk11clews10click13cliff13clift10climb11clime9cline7cling8clink11clips9clipt9cloak11clock13clods8clogs8clomb11clomp11clone7clonk11clons7cloot7clops9close7cloth10clots7cloud8clour7clout7clove10clown10cloys10cloze16clubs9cluck13clued8clues7clump11clung8clunk11cnida8coach12coact9coala7coals7coaly10coapt9coast7coati7coats7cobbs11cobby14cobia9coble9cobra9cocas9cocci11cocks13cocky16cocoa9cocos9codas8codec10coded9coden8coder8codes8codex15codon8coeds8coffs13cogon8cohog11cohos10coifs10coign8coils7coins7coirs7coked12cokes11colas7colby12colds8coled8coles7colic9colin7colly10colog8colon7color7colts7colza16comae9comal9comas9combe11combo11combs11comer9comes9comet9comfy15comic11comix16comma11commy14compo11comps11compt11comte9conch12condo8coned8cones7coney10conga8conge8congo8conic9conin7conks11conky14conns7conte7conto7conus7cooch12cooed8cooee7cooer7cooey10coofs10cooks11cooky14cools7cooly10coomb11coons7coops9coopt9coots7copal9copay12coped10copen9coper9copes9copra9copse9coral7corby12cords8cored8corer7cores7corgi8coria7corks11corky14corms9corns7cornu7corny10corps9corse7cosec9coses7coset7cosey10cosie7costa7costs7cotan7coted8cotes7cotta7couch12coude8cough11could8count7coupe9coups9court7couth10coved11coven10cover10coves10covet10covey13covin10cowed11cower10cowls10cowry13coxae14coxal14coxed15coxes14coyed11coyer10coyly13coypu12cozen16cozes16cozey19cozie16craal7crabs9crack13craft10crags8crake11cramp11crams9crane7crank11crape9craps9crash10crass7crate7crave10crawl10craws10craze16crazy19creak11cream9credo8creds8creed8creek11creel7creep9creme9crepe9crept9crepy12cress7crest7crews10cribs9crick13cried8crier7cries7crime9crimp11cripe9crisp9crits7croak11croci9crock13crocs9croft10crone7crony10crook11croon7crops9crore7cross7croup9crowd11crown10crows10croze16cruck13crude8cruds8cruel7cruet7crumb11crump11cruor7crura7cruse7crush10crust7crwth13crypt12cubby14cubeb11cubed10cuber9cubes9cubic11cubit9cuddy12cuffs13cuifs10cuing8cuish10cukes11culch12culet7culex14culls7cully10culms9culpa9culti7cults7cumin9cupel9cupid10cuppa11cuppy14curbs9curch12curds8curdy11cured8curer7cures7curet7curfs10curia7curie7curio7curls7curly10curns7currs7curry10curse7curst7curve10curvy13cusec9cushy13cusks11cusps9cusso7cutch12cuter7cutes7cutey10cutie7cutin7cutis7cutty10cutup9cuvee10cyano10cyans10cyber12cycad13cycas12cycle12cyclo12cyder11cylix17cymae12cymar12cymas12cymes12cymol12cynic12cysts10cyton10czars16daces8dacha11dadas7daddy11dados7daffs12daffy15dagga8dagos7dahls9daily9dairy9daisy9dales6dally9daman8damar8dames8damns8damps10dance8dandy10dangs7danio6darbs8dared7darer6dares6daric8darks10darky13darns6darts6dashi9dashy12dated7dater6dates6datos6datto6datum8daube8daubs8dauby11daunt6dauts6daven9davit9dawed10dawen9dawks13dawns9dawts9dazed16dazes15deads7deair6deals6dealt6deans6dears6deary9deash9death9deave9debag9debar8debit8debts8debug9debut8debye11decaf11decal8decay11decks12decor8decos8decoy11decry11dedal7deeds7deedy10deems8deeps8deers6deets6defat9defer9defis9defog10degas7degum9deice8deify12deign7deils6deism8deist6deity9deked11dekes10dekko14delay9deled7deles6delfs9delft9delis6dells6delly9delta6delts6delve9demes8demic10demit8demob10demon8demos8demur8denar6denes6denim8dense6dents6deoxy16depot8depth11derat6deray9derby11derma8derms8derry9desex13desks10deter6detox13deuce8devas9devel9devil9devon9dewan9dewar9dewax16dewed10dexes13dexie13dhaks13dhals9dhobi11dhole9dhoti9dhows12dhuti9dials6diary9diazo15diced9dicer8dices8dicey11dicks12dicky15dicot8dicta8dicty11didie7didos7didst7diene6diets6diffs12dight10digit7diked11diker10dikes10dikey13dildo7dills6dilly9dimer8dimes8dimly11dinar6dined7diner6dines6dinge7dingo7dings7dingy10dinky13dinos6dints6diode7diols6dippy13dipso8diram8direr6dirge7dirks10dirls6dirts6disci8disco8discs8dishy12disks10disme8ditas6ditch11dites6ditsy9ditto6ditty9ditzy18divan9divas9dived10diver9dives9divot9divvy15diwan9dixit13dizen15dizzy27djinn13djins13doats6dobby13dobie8dobla8dobra8dobro8docks12dodge8dodgy11dodos7doers6doest6doeth9doffs12doges7dogey10doggo8doggy11dogie7dogma9doily9doing7doits6dojos13dolce8dolci8doled7doles6dolls6dolly9dolma8dolor6dolts6domal8domed9domes8domic10donas6donee6donga7dongs7donna6donne6donor6donsy9donut6doody10dooly9dooms8doomy11doors6doozy18dopas8doped9doper8dopes8dopey11dorks10dorky13dorms8dormy11dorps8dorrs6dorsa6dorty9dosed7doser6doses6dotal6doted7doter6dotes6dotty9doubt8douce8dough10doula6douma8doums8doura6douse6doven9doves9dowdy13dowed10dowel9dower9dowie9downs9downy12dowry12dowse9doxie13doyen9doyly12dozed16dozen15dozer15dozes15drabs8draff12draft9drags7drail6drain6drake10drama8drams8drank10drape8drats6drave9drawl9drawn9draws9drays9dread7dream8drear6dreck12dreed7drees6dregs7dreks10dress6drest6dribs8dried7drier6dries6drift9drill6drily9drink10drips8dript8drive9droid7droit6droll6drone6drool6droop8drops8dropt8dross6drouk10drove9drown9drubs8drugs7druid7drums8drunk10drupe8druse6dryad10dryer9dryly12duads7duals6ducal8ducat8duces8duchy14ducks12ducky15ducts8duddy11duded8dudes7duels6duets6duffs12dufus9duits6duked11dukes10dulia6dulls6dully9dulse6dumas8dumbs10dumka12dumky15dumps10dumpy13dunam8dunce8dunch11dunes6dungs7dungy10dunks10dunts6duomi8duomo8duped9duper8dupes8duple8dural6duras6dured7dures6durns6duroc8duros6durra6durrs6durst6durum8dusks10dusky13dusts6dusty9dutch11duvet9dwarf12dweeb11dwell9dwelt9dwine9dyads10dyers9dying10dyked14dykes13dykey16dynel9dynes9eager6eagle6eagre6eared6earls5early8earns5earth8eased6easel5eases5easts5eaten5eater5eaved9eaves8ebbed10ebbet9ebons7ebony10ebook11eched11eches10echos10eclat7ecrus7edema8edged8edger7edges7edict8edify12edile6edits6educe8educt8eerie5egads7egers6egest6eggar7egged8egger7egret6eider6eidos6eight9eikon9eject14eking10elain5eland6elans5elate5elbow10elder6elect7elegy9elemi7elfin8elide6elint5elite5eloin5elope7elude6elute5elver8elves8email7embar9embay12embed10ember9embow12emcee9emeer7emend8emery10emeus7emirs7emits7emmer9emmet9emmys12emote7empty12emyde11emyds11enact7enate5ended7ender6endow9endue6enema7enemy10enjoy15ennui5enoki9enols5enorm7enows8enrol5ensky12ensue5enter5entia5entry8enure5envoi8envoy11enzym19eosin5epact9epees7ephah13ephas10ephod11ephor10epics9epoch12epode8epoxy17equal14equid15equip16erase5ergot6erica7ernes5erode6erose5erred6error5erses5eruct7erugo6erupt7ervil8escar7escot7eskar9esker9esnes5essay8esses5ester5estop7etape7ether8ethic10ethos8ethyl11etnas5etude6etuis5etwee8etyma10euros5evade9evens8event8evert8every11evict10evils8evite8evoke12ewers8exact14exalt12exams14excel14execs14exert12exile12exine12exing13exist12exits12exons12expat14expel14expos14extol12extra12exude13exult12exurb14eyass8eyers8eying9eyras8eyres8eyrie8eyrir8fable10faced11facer10faces10facet10facia10facts10faddy13faded10fader9fades9fadge10fados9faena8faery11faggy13fagin9fagot9fails8faint8fairs8fairy11faith11faked13faker12fakes12fakey15fakir12falls8false8famed11fames10fancy13fanes8fanga9fangs9fanny11fanon8fanos8fanum10faqir17farad9farce10farci10farcy13fards9fared9farer8fares8farle8farls8farms10faros8farts8fasts8fatal8fated9fates8fatly11fatso8fatty11fatwa11faugh12fauld9fault8fauna8fauns8fauve11favas11faves11favor11favus11fawns11fawny14faxed16faxes15fayed12fazed18fazes17fears8fease8feast8feats8feaze17fecal10feces10fecks14fedex16feebs10feeds9feels8feeze17feign9feint8feist8felid9fella8fells8felly11felon8felts8femes10femme12femur10fence10fends9fenny11feods9feoff14feral8feres8feria8ferly11fermi10ferns8ferny11ferry11fesse8fests8fetal8fetas8fetch13feted9fetes8fetid9fetor8fetus8feuar8feuds9feued9fever11fewer11feyer11feyly14fezes17fezzy29fiars8fiats8fiber10fibre10fices10fiche13fichu13ficin10ficus10fidge10fidos9fiefs11field9fiend9fiery11fifed12fifer11fifes11fifth14fifty14fight12filar8filch13filed9filer8files8filet8fille8fillo8fills8filly11filmi10films10filmy13filos8filth11filum10final8finca10finch13finds9fined9finer8fines8finis8finks12finny11finos8fiord9fique17fired9firer8fires8firms10firns8firry11first8firth11fiscs10fishy14fists8fitch13fitly11fiver11fives11fixed16fixer15fixes15fixit15fizzy29fjeld16fjord16flabs10flack14flags9flail8flair8flake12flaky15flame10flams10flamy13flank12flans8flaps10flare8flash11flask12flats8flaws11flawy14flaxy18flays11fleam10fleas8fleck14fleer8flees8fleet8flesh11flews11fleys11flick14flics10flied9flier8flies8fling9flint8flips10flirs8flirt8flite8flits8float8flock14flocs10floes8flogs9flong9flood9floor8flops10flora8floss8flota8flour8flout8flown11flows11flubs10flued9flues8fluff14fluid9fluke12fluky15flume10flump12flung9flunk12fluor8flush11flute8fluty11fluyt11flyby16flyer11flyte11foals8foams10foamy13focal10focus10foehn11fogey12foggy13fogie9fohns11foils8foins8foist8folds9foley11folia8folic10folio8folks12folky15folly11fonds9fondu9fonts8foods9fools8foots8footy11foram10foray11forbs10forby13force10fordo9fords9fores8forge9forgo9forks12forky15forme10forms10forte8forth11forts8forty11forum10fossa8fosse8fouls8found9fount8fours8fovea11fowls11foxed16foxes15foyer11frags9frail8frame10franc10frank12fraps10frass8frats8fraud9frays11freak12freed9freer8frees8fremd11frena8frere8fresh11frets8friar8fried9frier8fries8frigs9frill8frise8frisk12frith11frits8fritt8fritz17frizz26frock14froes8frogs9frond9frons8front8frore8frosh11frost8froth11frown11frows11froze17frugs9fruit8frump12fryer11fubar10fubsy13fucus10fuddy13fudge10fuels8fugal9fuggy13fugio9fugle9fugue9fugus9fujis15fulls8fully11fumed11fumer10fumes10fumet10fundi9funds9fungi9fungo9funks12funky15funny11furan8furls8furor8furry11furze17furzy20fused9fusee8fusel8fuses8fusil8fussy11fusty11futon8fuzed18fuzee17fuzes17fuzil17fuzzy29fyces13fykes15fytte11gabby13gable8gaddi8gadid8gadis7gadje14gadjo14gaffe12gaffs12gaged8gager7gages7gaily9gains6gaits6galah9galas6galax13galea6gales6galls6gally9galop8gamas8gamay11gamba10gambe10gambs10gamed9gamer8games8gamey11gamic10gamin8gamma10gammy13gamps10gamut8ganef9ganev9gangs7ganja13ganof9gaols6gaped9gaper8gapes8gappy13garbs8garda7garni6garth9gases6gasps8gassy9gasts6gated7gater6gates6gator6gauds7gaudy10gauge7gault6gaums8gaunt6gaurs6gauss6gauze15gauzy18gavel9gavot9gawks13gawky16gawps11gawsy12gayal9gayer9gayly12gazar15gazed16gazer15gazes15gazoo15gears6gecko12gecks12geeks10geeky13geese6geest6gelds7gelee6gelid7gelts6gemma10gemmy13gemot8genes6genet6genic8genie6genii6genip8genoa6genom8genre6genro6gents6genua6genus6geode7geoid7gerah9germs8germy11gesso6geste6gests6getas6getup8geums8ghast9ghats9ghaut9ghazi18ghees9ghost9ghoul9ghyll12giant6gibed9giber8gibes8giddy11gifts9gigas7gighe10gigot7gigue7gilds7gills6gilly9gilts6gimel8gimme10gimps10gimpy13ginks10ginny9ginzo15gipon8gipsy11girds7girls6girly9girns6giron6giros6girsh9girth9girts6gismo8gists6gites6given9giver9gives9gizmo17glace8glade7glads7glady10glair6glams8gland7glans6glare6glary9glass6glaze15glazy18gleam8glean6gleba8glebe8glede7gleds7gleed7gleek10glees6gleet6glens6gleys9glial6glias6glide7gliff12glime8glims8glint6glitz15gloam8gloat6globe8globs8glogg8gloms8gloom8glops8glory9gloss6glost6glout6glove9glows9gloze15glued7gluer6glues6gluey9glugs7glume8glums8gluon6glute6gluts6glyph14gnarl6gnarr6gnars6gnash9gnats6gnawn9gnaws9gnome8goads7goals6goats6goban8gobos8godet7godly10goers6gofer9gogos7going7golds7golem8golfs9golly9gombo10gomer8gonad7gonef9goner6gongs7gonia6gonif9gonof9gonzo15goods7goody10gooey9goofs9goofy12gooks10gooky13goons6goony9goops8goopy11goose6goosy9gopik12goral6gored7gores6gorge7gorms8gorps8gorse6gorsy9goths9gouge7gourd7gouts6gouty9gowan9gowds10gowks13gowns9goxes13goyim11graal6grabs8grace8grade7grads7graft9grail6grain6grama8gramp10grams8grana6grand7grans6grant6grape8graph11grapy11grasp8grass6grate6grave9gravy12grays9graze15great6grebe8greed7greek10green6grees6greet6grego7greys9gride7grids7grief9griff12grift9grigs7grill6grime8grimy11grind7grins6griot6gripe8grips8gript8gripy11grist6grith9grits6groan6groat6grody10grogs7groin6groks10groom8grope8gross6grosz15grots6group8grout6grove9growl9grown9grows9grubs8gruel6grues6gruff12grume8grump10grunt6guaco8guano6guans6guard7guars6guava9gucks12gudes7guess6guest6guffs12guide7guids7guild7guile6guilt6guiro6guise6gulag7gular6gulch11gules6gulfs9gulfy12gulls6gully9gulps8gulpy11gumbo10gumma10gummy13gunks10gunky13gunny9guppy13gurge7gurry9gursh9gurus6gushy12gussy9gusto6gusts6gusty9gutsy9gutta6gutty9guyed10guyot9gwine9gybed12gybes11gyoza18gypsy14gyral9gyred10gyres9gyron9gyros9gyrus9gyved13gyves12haafs11haars8habit10habus10hacek14hacks14hadal9haded10hades9hadji16hadst9haems10haets8hafiz20hafts11hahas11haika12haiks12haiku12hails8haint8hairs8hairy11hajes15hajis15hajji22hakes12hakim14hakus12halal8haled9haler8hales8halid9hallo8halls8halma10halms10halon8halos8halts8halva11halve11hamal10hames10hammy15hamza19hance10hands9handy12hangs9hanks12hanky15hansa8hanse8hants8haole8hapax17haply13happy15hards9hardy12hared9harem10hares8harks12harls8harms10harps10harpy13harry11harsh11harts8hasps10haste8hasty11hatch13hated9hater8hates8haugh12haulm10hauls8haunt8haute8haven11haver11haves11havoc13hawed12hawks15hawse11hayed12hayer11hayey14hazan17hazed18hazel17hazer17hazes17heads9heady12heals8heaps10heapy13heard9hears8heart8heath11heats8heave11heavy14hebes10hecks14heder9hedge10hedgy13heeds9heels8heeze17hefts11hefty14heigh12heils8heirs8heist8helio8helix15hello8hells8helms10helos8helot8helps10helve11hemal10hemes10hemic12hemin10hemps12hempy15hence10henge9henna8henry11hents8herbs10herby13herds9heres8herls8herma10herms10herns8heron8heros8herry11hertz17hests8heths11heuch13heugh12hewed12hewer11hexad16hexed16hexer15hexes15hexyl18hicks14hided10hider9hides9highs12hight12hijab17hijra15hiked13hiker12hikes12hilar8hillo8hills8hilly11hilts8hilum10hilus8hinds9hinge9hinky15hinny11hints8hiply13hippo12hippy15hired9hiree8hirer8hires8hissy11hists8hitch13hived12hives11hoagy12hoard9hoars8hoary11hobby15hobos10hocks14hocus10hodad10hoers8hogan9hoggs10hoick14hoise8hoist8hoked13hokes12hokey15hokku16hokum14holds9holed9holes8holey11holks12holla8hollo8holly11holms10holts8homed11homer10homes10homey13homie10honan8honda9honed9honer8hones8honey11hongi9hongs9honks12honor8hooch13hoods9hoody12hooey11hoofs11hooka12hooks12hooky15hooly11hoops10hoots8hooty11hoped11hoper10hopes10hoppy15horah11horal8horas8horde9horns8horny11horse8horst8horsy11hosed9hosel8hosen8hoser8hoses8hosey11hosta8hosts8hotch13hotel8hotly11hound9houri8hours8house8hovel11hover11howdy15howes11howff17howfs14howks15howls11hoyas11hoyle11hubby15hucks14huffs14huffy17huger9hulas8hulks12hulky15hullo8hulls8human10humic12humid11humor10humph15humps12humpy15humus10hunch13hunks12hunky15hunts8hurds9hurls8hurly11hurry11hurst8hurts8husks12husky15hussy11hutch13huzza26hydra12hydro12hyena11hying12hylas11hymen13hymns13hyoid12hyped14hyper13hypes13hypha16hypos13hyrax18hyson11iambi9iambs9ichor10icier7icily10icing8icker11icons7ictic9ictus7ideal6ideas6idiom8idiot6idled7idler6idles6idols6idyll9idyls9igged8igloo6iglus6ihram10ikats9ikons9ileac7ileal5ileum7ileus5iliac7iliad6ilial5ilium7iller5image8imago8imams9imaum9imbed10imbue9imide8imido8imids8imine7imino7immix16imped10impel9impis9imply12inane5inapt7inarm7inbye10incog8incur7incus7index13indie6indol6indow9indri6indue6inept7inert5infer8infix15infos8infra8ingle6ingot6inion5inked10inker9inkle9inlay8inlet5inned6inner5input7inrun5inset5inter5intis5intro5inure5inurn5invar8iodic8iodid7iodin6ionic7iotas5irade6irate5irids6iring6irked10iroko9irone5irons5irony8isbas7isled6isles5islet5issei5issue5istle5itchy13items7ither8ivied9ivies8ivory11ixias12ixora12ixtle12izars14jabot14jacal14jacks18jacky21jaded14jades13jager13jaggs14jaggy17jagra13jails12jakes16jalap14jalop14jambe16jambs16jammy19janes12janty15japan14japed15japer14japes14jarls12jatos12jauks16jaunt12jaups14javas15jawan15jawed16jazzy33jeans12jebel14jeeps14jeers12jefes15jehad16jehus15jello12jells12jelly15jemmy19jenny15jerid13jerks16jerky19jerry15jesse12jests12jetes12jeton12jetty15jewed16jewel15jibbs16jibed15jiber14jibes14jiffs18jiffy21jiggy17jihad16jills12jilts12jimmy19jimpy19jingo13jinks16jinni12jinns12jisms14jived16jiver15jives15jivey18jnana12jocko18jocks18joeys15johns15joins12joint12joist12joked17joker16jokes16jokey19joles12jolly15jolts12jolty15jomon14jones12joram14jorum14jotas12jotty15joual12jouks16joule12joust12jowar15jowed16jowls15jowly18joyed16jubas14jubes14jucos14judas13judge14judos13jugal13jugum15juice14juicy17jujus19juked17jukes16jukus16julep14jumbo16jumps16jumpy19junco14junks16junky19junta12junto12jupes14jupon14jural12jurat12jurel12juror12justs12jutes12jutty15kabab13kabar11kabob13kadis10kafir12kagus10kaiak13kaifs12kails9kains9kakas13kakis13kalam11kales9kalif12kalpa11kames11kamik15kanas9kanes9kanji16kanzu18kaons9kapas11kaphs14kapok15kappa13kaput11karat9karma11karns9karoo9karst9karts9kasha12katas9kauri9kaury12kavas12kayak16kayos12kazoo18kbars11kebab13kebar11kebob13kecks15kedge11keefs12keeks13keels9keens9keeps11keets9keeve12kefir12keirs9kelep11kelim11kelly12kelps11kelpy14kelts9kemps13kempt13kenaf12kench14kendo10kenos9kente9kepis11kerbs11kerfs12kerne9kerns9kerry12ketch14ketol9kevel12kevil12kexes16keyed13khadi13khafs15khaki16khans12khaph17khats12kheda13kheth15khets12khoum14kiang10kibbe13kibbi13kibei11kibes11kibla11kicks15kicky18kiddo11kiddy14kiefs12kiers9kilim11kills9kilns9kilos9kilts9kilty12kinas9kinds10kines9kings10kinin9kinks13kinky16kinos9kiosk13kirks13kirns9kissy12kists9kited10kiter9kites9kithe12kiths12kitty12kivas12kiwis12klick15kliks13klong10kloof12kluge10klutz18knack15knaps11knars9knaur9knave12knawe12knead10kneed10kneel9knees9knell9knelt9knife12knish12knits9knobs11knock15knoll9knops11knosp11knots9knout9known12knows12knurl9knurs9koala9koans9kobos11koels9kohls12koine9kojis16kolas9kolos9kombu13konks13kooks13kooky16kopek15kophs14kopje18koppa13korai9koras9korat9korma11korun9kotos9kotow12kraal9kraft12krait9kraut9kreep11krewe12krill9krona9krone9kroon9krubi11kudos10kudus10kudzu19kufis12kugel10kukri13kulak13kumys14kurta9kurus9kusso9kvass12kvell12kyack18kyaks16kyars12kyats12kylix19kyrie12kytes12kythe15laari5label7labia7labor7labra7laced8lacer7laces7lacey10lacks11laded7laden6lader6lades6ladle6laevo8lagan6lager6lahar8laich10laics7laigh9laird6lairs5laith8laity8laked10laker9lakes9lakhs12lalls5lamas7lambs9lamby12lamed8lamer7lames7lamia7lamps9lanai5lance7lands6lanes5lanky12lapel7lapin7lapis7lapse7larch10lards6lardy9laree5lares5large6largo6laris5larks9larky12larum7larva8lased6laser5lases5lassi5lasso5lasts5latch10lated6laten5later5latex12lathe8lathi8laths8lathy11latke9latte5lauan5lauds6laugh9laura5lavas8laved9laver8laves8lawed9lawns8lawny11laxer12laxes12laxly15layed9layer8layin8layup10lazar14lazed15lazes14leach10leads6leady9leafs8leafy11leaks9leaky12leans5leant5leaps7leapt7learn5lears5leary8lease5leash8least5leave8leavy11leben7ledge7ledgy10leech10leeks9leers5leery8leets5lefts8lefty11legal6leger6leges6leggy10legit6lehrs8lehua8leman7lemma9lemon7lemur7lends6lenes5lenis5lenos5lense5lento5leone5leper7lepta7leses5letch10lethe8letup7leuds6levee8level8lever8levin8levis8lewis8lexes12lexis12lezzy26liana5liane5liang6liard6liars5libel7liber7libra7libri7lichi10licht10licit7licks11lidar6lidos6liege6liens5liers5lieus5lieve8lifer8lifts8ligan6liger6light9liked10liken9liker9likes9lilac7lilos5lilts5liman7limas7limba9limbi9limbo9limbs9limby12limed8limen7limes7limey10limit7limns7limos7limpa9limps9linac7lindy9lined6linen5liner5lines5liney8linga6lingo6lings6lingy9linin5links9linky12linns5linos5lints5linty8linum7lions5lipid8lipin7lippy12liras5lirot5lisle5lisps7lists5litai5litas5liter5lithe8litho8litre5lived9liven8liver8lives8livid9livre8llama7llano5loach10loads6loafs8loams7loamy10loans5loath8lobar7lobby12lobed8lobes7lobos7local7lochs10locks11locos7locum9locus7loden6lodes6lodge7loess5lofts8lofty11logan6loges6loggy10logia6logic8login6logoi6logon6logos6loids6loins5lolls5lolly8loner5longe6longs6looby10looed6looey8loofa8loofs8looie5looks9looms7loons5loony8loops7loopy10loose5loots5loped8loper7lopes7loppy12loral5loran5lords6lores5loris5lorry8losel5loser5loses5lossy8lotah8lotas5lotic7lotos5lotte5lotto5lotus5lough9louie5louis5louma7loupe7loups7lours5loury8louse5lousy8louts5lovat8loved9lover8loves8lowed9lower8lowes8lowly11lowse8loxed13loxes12loyal8luaus5lubed8lubes7luces7lucid8lucks11lucky14lucre7ludes6ludic8luffa11luffs11luged7luger6luges6lulls5lulus5lumas7lumen7lumps9lumpy12lunar5lunas5lunch10lunes5lunet5lunge6lungi6lungs6lunks9lunts5lupin7lupus7lurch10lured6lurer5lures5lurex12lurid6lurks9lusts5lusty8lusus5lutea5luted6lutes5luxes12lweis8lyard9lyart8lyase8lycea10lycee10lycra10lying9lymph15lynch13lyres8lyric10lysed9lyses8lysin8lysis8lyssa8lytic10lytta8maars7mabes9macaw12maced10macer9maces9mache12macho12machs12macks13macle9macon9macro9madam10madly11madre8mafia10mafic12mages8magic10magma10magot8magus8mahoe10maids8maile7maill7mails7maims9mains7mairs7maist7maize16major14makar11maker11makes11makos11malar7males7malic9malls7malms9malmy12malts7malty10mamas9mamba11mambo11mamey12mamie9mamma11mammy14manas7manat7maned8manes7manga8mange8mango8mangy11mania7manic9manly10manna7manor7manos7manse7manta7manus7maple9maqui16maras7march12marcs9mares7marge8maria7marka11marks11marls7marly10marry10marse7marsh10marts7marvy13masas7maser7mashy13masks11mason7massa7masse7massy10masts7match12mated8mater7mates7matey10maths10matin7matte7matts7matza16matzo16mauds8mauls7maund8mauts7mauve10maven10mavie10mavin10mavis10mawed11maxed15maxes14maxim16maxis14mayan10mayas10maybe12mayed11mayor10mayos10mayst10mazed17mazer16mazes16mbira9meads8meals7mealy10means7meant7meany10meats7meaty10mecca11medal8media8medic10medii8meeds8meets7meiny10melds8melee7melic9mells7melon7melts7melty10memes9memos9menad8mends8mensa7mense7mensh10menta7menus7meous7meows10merch12mercs9mercy12merde8merer7meres7merge8merit7merks11merle7merls7merry10mesas7meshy13mesic9mesne7meson7messy10metal7meted8meter7metes7meths10metis7metol7metre7metro7mewed11mewls10mezes16mezzo25miaou7miaow10miasm9miaul7micas9miche12micra9micro9middy12midge9midis8midst8miens7miffs13miffy16miggs9might11miked12mikes11mikra11milch12milds8miler7miles7milia7milks11milky14mille7mills7milos7milpa9milts7milty10mimed10mimeo9mimer9mimes9mimic11minae7minas7mince9mincy12minds8mined8miner7mines7mingy11minim9minis7minke11minks11minny10minor7mints7minty10minus7mired8mires7mirex14mirin7mirks11mirky14mirth10mirza16misdo8miser7mises7misos7missy10mists7misty10miter7mites7mitis7mitre7mitts7mixed15mixer14mixes14mixup16mizen16moans7moats7mocha12mocks13modal8model8modem10modes8modus8moggy12mogul8mohel10mohur10moils7moira7moire7moist7mojos14mokes11molal7molar7molas7molds8moldy11moles7molls7molly10molto7molts7momes9momma11mommy14momus9monad8monas7monde8mondo8money10mongo8monie7monks11monos7monte7month10mooch12moods8moody11mooed8moola7mools7moons7moony10moors7moory10moose7moots7moped10moper9mopes9mopey12morae7moral7moras7moray10morel7mores7morns7moron7morph12morro7morse7morts7mosey10mosks11mosso7mossy10moste7mosts7motel7motes7motet7motey10moths10mothy13motif10motor7motte7motto7motts7mouch12moues7mould8moult7mound8mount7mourn7mouse7mousy10mouth10moved11mover10moves10movie10mowed11mower10moxas14moxie14mozos16mucho12mucid10mucin9mucks13mucky16mucor9mucro9mucus9muddy12mudra8muffs13mufti10muggs9muggy12muhly13mujik18mulch12mulct9muled8mules7muley10mulla7mulls7mumms11mummy14mumps11mumus9munch12mungo8munis7muons7mural7muras7mured8mures7murex14murid8murks11murky14murra7murre7murrs7murry10musca9mused8muser7muses7mushy13music9musks11musky14mussy10musth10musts7musty10mutch12muted8muter7mutes7muton7mutts7muzzy28mylar10mynah13mynas10myoid11myoma12myope12myopy15myrrh13mysid11myths13mythy16naans5nabes7nabis7nabob9nacho10nacre7nadas6nadir6naevi8naffs11naggy10naiad6naifs8nails5naira5nairu5naive8naked10nakfa12nalas5naled6named8namer7names7nanas5nance7nancy10nanny8napas7napes7nappa9nappe9nappy12narco7narcs7nards6nares5naric7naris5narks9narky12nasal5nasty8natal5natch10nates5natty8naval8navar8navel8naves8navvy14nawab10nazis14neaps7nears5neath8neats5necks11neddy10needs6needy9neems7neeps7negus6neifs8neigh9neist5nelly8nemas7nenes5neons5nerds6nerdy9nerol5nerts5nertz14nerve8nervy11nests5netop7netts5netty8neuks9neume7neums7never8neves8nevus8newel8newer8newie8newly11newsy11newts8nexus12ngwee9nicad8nicer7niche10nicks11nicol7nidal6nided7nides6nidus6niece7nieve8nifty11nighs9night9nihil8nills5nimbi9nines5ninja12ninny8ninon5ninth8nipas7nippy12nisei5nisus5niter5nites5nitid6niton5nitre5nitro5nitty8nival8nixed13nixes12nixie12nizam16nobby12noble7nobly10nocks11nodal6noddy10nodes6nodus6noels5noggs7nohow11noils5noily8noirs5noise5noisy8nolos5nomad8nomas7nomen7nomes7nomoi7nomos7nonas5nonce7nones5nonet5nonyl8nooks9nooky12noons5noose5nopal7noria5noris5norms7north8nosed6noses5nosey8notal5notch10noted6noter5notes5notum7nouns5novae8novas8novel8noway11nowts8nubby12nubia7nucha10nuder6nudes6nudge7nudie6nudzh18nuked10nukes9nulls5numbs9numen7nurds6nurls5nurse5nutsy8nutty8nyala8nylon8nymph15oaken9oakum11oared6oases5oasis5oasts5oaten5oater5oaths8oaves8obeah10obeli7obese7obeys10obias7obits7objet14oboes7obole7oboli7obols7occur9ocean7ocher10ochre10ochry13ocker11ocrea7octad8octal7octan7octet7octyl10oculi7odahs9odder7oddly10odeon6odeum8odist6odium8odors6odour6odyle9odyls9ofays11offal11offed12offer11often8ofter8ogams8ogees6ogham11ogive9ogled7ogler6ogles6ogres6ohias8ohing9ohmic12oidia6oiled6oiler5oinks9okapi11okays12okehs12okras9olden6older6oldie6oleic7olein5oleos5oleum7olios5olive8ollas5ology9omasa7omber9ombre9omega8omens7omers7omits7oncet7onery8onion5onium7onlay8onset5ontic7oohed9oomph12oorie5ootid6oozed15oozes14opahs10opals7opens7opera7opine7oping8opium9opsin7opted8optic9orach10orals5orang6orate5orbed8orbit7orcas7orcin7order6ordos6oread6organ6orgic8oribi7oriel5orles5orlon5orlop7ormer7ornis5orpin7orris5ortho8orzos14osier5osmic9osmol7ossia5ostia5other8ottar5otter5ottos5ought9ounce7ouphe10ouphs10ourie5ousel5ousts5outby10outdo6outed6outer5outgo6outre5ouzel14ouzos14ovals8ovary11ovate8ovens8overs8overt8ovine8ovoid9ovoli8ovolo8ovule8owing9owlet8owned9owner8owsen8oxbow17oxeye15oxide13oxids13oxime14oxims14oxlip14oxter12oyers8ozone14pacas9paced10pacer9paces9pacey12pacha12packs13pacts9paddy12padis8padle8padre8padri8paean7paeon7pagan8paged9pager8pages8pagod9paiks11pails7pains7paint7pairs7paisa7paise7palea7paled8paler7pales7palet7palls7pally10palms9palmy12palpi9palps9palsy10pampa11panda8pandy11paned8panel7panes7panga8pangs8panic9panne7pansy10panto7pants7panty10papal9papas9papaw12paper9pappi11pappy14parae7paras7parch12pardi8pards8pardy11pared8pareo7parer7pares7pareu7parge8pargo8paris7parka11parks11parle7parol7parrs7parry10parse7parts7party10parve10parvo10paseo7pases7pasha10passe7pasta7paste7pasts7pasty10patch12pated8paten7pater7pates7paths10patin7patio7patly10patsy10patty10pause7pavan10paved11paver10paves10pavid11pavin10pavis10pawed11pawer10pawky17pawls10pawns10paxes14payed11payee10payer10payor10peace9peach12peage8peags8peaks11peaky14peals7peans7pearl7pears7peart7pease7peats7peaty10peavy13pecan9pechs12pecks13pecky16pedal8pedes8pedro8peeks11peels7peens7peeps9peers7peery10peeve10peins7peise7pekan11pekes11pekin11pekoe11peles7pelfs10pelon7pelts7penal7pence9pends8penes7pengo8penna7penne7penni7penny10peons7peony10pepla9pepos9peppy14perch12perdu8perdy11perea7peres7peril7peris7perks11perky14perms9perps9perry10perse7pervs10pesky14pesos7pesto7pests7pesty10petal7peter7petit7petti7petto7petty10pewee10pewit10phage11phase10phial10phlox17phone10phono10phons10phony13photo10phots10phpht15phuts10phyla13phyle13piano7pians7pibal9pical9picas9picks13picky16picot9picul9piece9piers7pieta7piety10piggy12pigmy13piing8pikas11piked12piker11pikes11pikis11pilaf10pilar7pilau7pilaw10pilea7piled8pilei7piles7pilis7pills7pilot7pilus7pimas9pimps11pinas7pinch12pined8pines7piney10pingo8pings8pinko11pinks11pinky14pinna7pinny10pinon7pinot7pinta7pinto7pints7pinup9pions7pious7pipal9piped10piper9pipes9pipet9pipit9pique16pirns7pirog8pisco9pisos7piste7pitas7pitch12piths10pithy13piton7pitta7pivot10pixel14pixes14pixie14pizza25place9plack13plage8plaid8plain7plait7plane7plank11plans7plant7plash10plasm9plate7plats7platy10playa10plays10plaza16plead8pleas7pleat7plebe9plebs9plena7pleon7plews10plica9plied8plier7plies7plink11plods8plonk11plops9plots7plotz16plows10ploys10pluck13plugs8plumb11plume9plump11plums9plumy12plunk11plush10plyer10poach12poboy12pocks13pocky16podgy12podia8poems9poesy10poets7pogey11poilu7poind8point7poise7poked12poker11pokes11pokey14polar7poled8poler7poles7polio7polis7polka11polls7polos7polyp12polys10pomes9pommy14pomos9pomps11ponce9ponds8pones7pongs8pooch12poods8pooed8poofs10poofy13poohs10pools7poons7poops9poori7poove10popes9poppa11poppy14popsy12porch12pored8pores7porgy11porks11porky14porns7porny10ports7posed8poser7poses7posit7posse7posts7potsy10potto7potty10pouch12pouff13poufs10poult7pound8pours7pouts7pouty10power10poxed15poxes14poyou10praam9prahu10prams9prang8prank11praos7prase7prate7prats7praus7prawn10prays10preed8preen7prees7preop9preps9presa7prese7press7prest7prexy17preys10price9pricy12pride8pried8prier7pries7prigs8prill7prima9prime9primi9primo9primp11prims9prink11print7prion7prior7prise7prism9priss7privy13prize16proas7probe9prods8proem9profs10progs8prole7promo9proms9prone7prong8proof10props9prose7proso7pross7prost7prosy10proud8prove10prowl10prows10proxy17prude8prune7pruta7pryer10psalm9pseud8pshaw13psoae7psoai7psoas7psych15pubes9pubic11pubis9puces9pucka13pucks13pudgy12pudic10puffs13puffy16puggy12pujah17pujas14puked12pukes11pukka15puled8puler7pules7pulik11pulis7pulls7pulps9pulpy12pulse7pumas9pumps11punas7punch12pungs8punji14punka11punks11punky14punny10punto7punts7punty10pupae9pupal9pupas9pupil9puppy14pupus9purda8puree7purer7purge8purin7puris7purls7purrs7purse7pursy10purty10puses7pushy13puton7putti7putto7putts7putty10pygmy16pyins10pylon10pyoid11pyran10pyres10pyrex17pyric12pyros10pyxes17pyxie17pyxis17qadis15qaids15qanat14qophs19quack20quads15quaff20quags15quail14quais14quake18quaky21quale14qualm16quant14quare14quark18quart14quash17quasi14quass14quate14quays17qubit16quean14queen14quell14quern14query17quest14queue14queys17quick20quids15quiet14quiff20quill14quilt14quins14quint14quips16quipu16quire14quirk18quirt14quite14quits14quods15quoin14quoit14quoll14quota14quote14quoth17qursh17rabat7rabbi9rabic9rabid8raced8racer7races7racks11racon7radar6radii6radio6radix13radon6raffs11rafts8ragas6raged7ragee6rages6raggs7raggy10ragis6raias5raids6rails5rains5rainy8raise5raita5rajah15rajas12rajes12raked10rakee9raker9rakes9rakis9rakus9rales5rally8ralph10ramal7ramee7ramen7ramet7ramie7rammy12ramps9ramus7rance7ranch10rands6randy9ranee5range6rangy9ranid6ranis5ranks9rants5raped8raper7rapes7raphe10rapid8rared6rarer5rares5rased6raser5rases5rasps7raspy10ratal5ratan5ratch10rated6ratel5rater5rates5rathe8ratio5ratos5ratty8raved9ravel8raven8raver8raves8ravin8rawer8rawin8rawly11raxed13raxes12rayah11rayas8rayed9rayon8razed15razee14razer14razes14razor14reach10react7readd7reads6ready9realm7reals5reams7reaps7rearm7rears5reata5reave8rebar7rebbe9rebec9rebel7rebid8rebop9rebus7rebut7rebuy10recap9recce9recit7recks11recon7recta7recti7recto7recur7recut7redan6redds7reded7redes6redia6redid7redip8redly9redon6redos6redox13redry9redub8redux13redye9reeds6reedy9reefs8reefy11reeks9reeky12reels5reest5reeve8refed9refel8refer8refit8refix15refly11refry11regal6reges6regma8regna6rehab10rehem10reifs8reify11reign6reink9reins5reive8rejig13rekey12relax12relay8relet5relic7relit5reman7remap9remet7remex14remit7remix14renal5rends6renew8renig6renin5rente5rents5reoil5repay10repeg8repel7repin7reply10repos7repot7repps9repro7reran5rerig6rerun5resat5resaw8resay8resee5reset5resew8resid6resin5resit5resod6resow8rests5retag6retax12retch10retem7retia5retie5retro5retry8reuse5revel8revet8revue8rewan8rewax15rewed9rewet8rewin8rewon8rexes12rheas8rheme10rheum10rhino8rhomb12rhumb12rhyme13rhyta11rials5riant5riata5ribby12ribes7riced8ricer7rices7ricin7ricks11rider6rides6ridge7ridgy10riels5rifer8riffs11rifle8rifts8right9rigid7rigor6riled6riles5riley8rille5rills5rimed8rimer7rimes7rinds6rindy9rings6rinks9rinse5rioja12riots5riped8ripen7riper7ripes7risen5riser5rises5rishi8risks9risky12risus5rites5ritzy17rival8rived9riven8river8rives8rivet8riyal8roach10roads6roams7roans5roars5roast5robed8robes7robin7roble7robot7rocks11rocky14rodeo6rodes6roger6rogue6roils5roily8roles5rolfs8rolls5roman7romeo7romps9rondo6roods6roofs8rooks9rooky12rooms7roomy10roose5roost5roots5rooty8roped8roper7ropes7ropey10roque14rosed6roses5roset5roshi8rosin5rotas5rotch10rotes5rotis5rotls5rotor5rotos5rotte5rouen5roues5rouge6rough9round6roups7roupy10rouse5roust5route5routh8routs5roved9roven8rover8roves8rowan8rowdy12rowed9rowel8rowen8rower8rowth11royal8ruana5rubby12rubel7rubes7ruble7rubus7ruche10rucks11rudds7ruddy10ruder6ruers5ruffe11ruffs11rugae6rugal6rugby11ruing6ruins5ruled6ruler5rules5rumba9rumen7rummy12rumor7rumps9runes5rungs6runic7runny8runts5runty8rupee7rural5ruses5rushy11rusks9rusts5rusty8ruths8rutin5rutty8ryked13rykes12rynds9ryots8sabal7sabed8saber7sabes7sabin7sabir7sable7sabot7sabra7sabre7sacks11sacra7sades6sadhe9sadhu9sadis6sadly9safer8safes8sagas6sager6sages6saggy10sagos6sagum8sahib10saice7saids6saiga6sails5sains5saint5saith8sajou12saker9sakes9sakis9salad6salal5salep7sales5salic7sally8salmi7salol5salon5salpa7salps7salsa5salts5salty8salve8salvo8samba9sambo9samek11samps9sands6sandy9saned6saner5sanes5sanga6sangh9santo5sapid8sapor7sappy12saran5sards6saree5sarge6sargo6sarin5saris5sarks9sarky12sarod6saros5sasin5sassy8satay8sated6satem7sates5satin5satis5satyr8sauce7sauch10saucy10saugh9sauls5sault5sauna5saury8saute5saved9saver8saves8savin8savor8savoy11savvy14sawed9sawer8saxes12sayed9sayer8sayid9sayst8scabs9scads8scags8scald8scale7scall7scalp9scaly10scamp11scams9scans7scant7scape9scare7scarf10scarp9scars7scart7scary10scats7scatt7scaup9scaur7scena7scend8scene7scent7schav13schmo12schul10schwa13scion7scoff13scold8scone7scoop9scoot7scope9scops9score7scorn7scots7scour7scout7scowl10scows10scrag8scram9scrap9scree7scrim9scrip9scrod8scrub9scrum9scuba9scudi8scudo8scuds8scuff13sculk11scull7sculp9scums9scups9scurf10scuta7scute7scuts7scuzz25seals5seams7seamy10sears5seats5sebum9secco9sects7sedan6seder6sedge7sedgy10sedum8seeds6seedy9seeks9seels5seely8seems7seeps7seepy10seers5segni6segno6segos6segue6seifs8seine5seise5seism7seize14selah8selfs8selle5sells5selva8semen7semes7semis7sends6sengi6senna5senor5sensa5sense5sente5senti5sepal7sepia7sepic9sepoy10septa7septs7serac7serai5seral5sered6serer5seres5serfs8serge6serif8serin5serow8serry8serum7serve8servo8setae5setal5seton5setts5setup7seven8sever8sewan8sewar8sewed9sewer8sexed13sexes12sexto12sexts12shack14shade9shads9shady12shaft11shags9shahs11shake12shako12shaky15shale8shall8shalt8shaly11shame10shams10shank12shape10shard9share8shark12sharn8sharp10shaul8shave11shawl11shawm13shawn11shaws11shays11sheaf11sheal8shear8sheas8sheds9sheen8sheep10sheer8sheet8sheik12shelf11shell8shend9shent8sheol8sherd9shewn11shews11shied9shiel8shier8shies8shift11shill8shily11shims10shine8shins8shiny11ships10shire8shirk12shirr8shirt8shist8shiva11shive11shivs11shlep10shlub10shoal8shoat8shock14shoed9shoer8shoes8shogi9shogs9shoji15shone8shook12shool8shoon8shoos8shoot8shops10shore8shorl8shorn8short8shote8shots8shott8shout8shove11shown11shows11showy14shoyu11shred9shrew11shris8shrub10shrug9shtik12shuck14shuln8shuls8shuns8shunt8shush11shute8shuts8shwas11shyer11shyly14sials5sibbs9sibyl10sices7sicko11sicks11sided7sides6sidhe9sidle6siege6sieur5sieve8sifts8sighs9sight9sigil6sigla6sigma8signa6signs6sikas9siker9sikes9silds6silex12silks9silky12sills5silly8silos5silts5silty8silva8simar7simas7simps9since7sines5sinew8singe6sings6sinhs8sinks9sinus5siped8sipes7sired6siree5siren5sires5sirra5sirup7sisal5sises5sissy8sitar5sited6sites5situp7situs5siver8sixes12sixmo14sixte12sixth15sixty15sizar14sized15sizer14sizes14skags10skald10skank13skate9skats9skean9skeed10skeen9skees9skeet9skegs10skein9skell9skelm11skelp11skene9skeps11skews12skids10skied10skier9skies9skiey12skiff15skill9skimo11skimp13skims11skink13skins9skint9skips11skirl9skirr9skirt9skite9skits9skive12skoal9skort9skosh12skuas9skulk13skull9skunk13skyed13skyey15slabs7slack11slags6slain5slake9slams7slang6slank9slant5slaps7slash8slate5slats5slaty8slave8slaws8slays8sleds6sleek9sleep7sleet5slept7slews8slice7slick11slide6slier5slily8slime7slims7slimy10sling6slink9slipe7slips7slipt7slits5slobs7sloes5slogs6sloid6slojd13sloop7slope7slops7slosh8sloth8slots5slows8sloyd9slubs7slued6slues5sluff11slugs6slump9slums7slung6slunk9slurb7slurp7slurs5slush8sluts5slyer8slyly11slype10smack13small7smalt7smarm9smart7smash10smaze16smear7smeek11smell7smelt7smerk11smews10smile7smirk11smite7smith10smock13smogs8smoke11smoky14smolt7smote7smush10smuts7snack11snafu8snags6snail5snake9snaky12snaps7snare5snarf8snark9snarl5snash8snath8snaws8sneak9sneap7sneck11sneds6sneer5snell5snibs7snick11snide6sniff11snipe7snips7snits5snobs7snogs6snood6snook9snool5snoop7snoot5snore5snort5snots5snout5snows8snowy11snubs7snuck11snuff11snugs6snyes8soaks9soaps7soapy10soars5soave8sobas7sober7socas7socko11socks11socle7sodas6soddy10sodic8sodom8sofar8sofas8softa8softs8softy11soggy10soils5sojas12sokes9sokol9solan5solar5soldi6soldo6soled6solei5soles5solid6solon5solos5solum7solus5solve8soman7somas7sonar5sonde6sones5songs6sonic7sonly8sonny8sonsy8sooey8sooks9sooth8soots5sooty8sophs10sophy13sopor7soppy12soras5sorbs7sords6sored6sorel5sorer5sores5sorgo6sorns5sorry8sorta5sorts5sorus5soths8sotol5sough9souks9souls5sound6soups7soupy10sours5souse5south8sowar8sowed9sower8soyas8soyuz17sozin14space9spacy12spade8spado8spaed8spaes7spahi10spail7spait7spake11spale7spall7spams9spang8spank11spans7spare7spark11spars7spasm9spate7spats7spawn10spays10spazz25speak11spean7spear7speck13specs9speed8speel7speer7speil7speir7spell7spelt7spend8spent7sperm9spews10spica9spice9spick13spics9spicy12spied8spiel7spier7spies7spiff13spike11spiks11spiky14spile7spill7spilt7spine7spins7spiny10spire7spirt7spiry10spite7spits7spitz16spivs10splat7splay10split7spode8spoil7spoke11spoof10spook11spool7spoon7spoor7spore7sport7spots7spout7sprag8sprat7spray10spree7sprig8sprit7sprue7sprug8spuds8spued8spues7spume9spumy12spunk11spurn7spurs7spurt7sputa7squab16squad15squat14squaw17squeg15squib16squid15stabs7stack11stade6staff11stage6stags6stagy9staid6staig6stain5stair5stake9stale5stalk9stall5stamp9stand6stane5stang6stank9staph10stare5stark9stars5start5stash8state5stats5stave8stays8stead6steak9steal5steam7steed6steek9steel5steep7steer5stein5stela5stele5stems7steno5stent5steps7stere5stern5stets5stews8stewy11stich10stick11stied6sties5stiff11stile5still5stilt5stime7stimy10sting6stink9stint5stipe7stirk9stirp7stirs5stoae5stoai5stoas5stoat5stobs7stock11stogy9stoic7stoke9stole5stoma7stomp9stone5stony8stood6stook9stool5stoop7stope7stops7stopt7store5stork9storm7story8stoss5stots5stott5stoup7stour5stout5stove8stowp10stows8strap7straw8stray8strep7strew8stria5strip7strop7strow8stroy8strum7strut5stubs7stuck11studs6study9stuff11stull5stump9stums7stung6stunk9stuns5stunt5stupa7stupe7sturt5styed9styes8style8styli8stymy13suave8subah10subas7suber7sucks11sucky14sucre7sudds7sudor6sudsy9suede6suers5suets5suety8sugar6sughs9suing6suint5suite5suits5sulci7sulfa8sulfo8sulks9sulky12sully8sulus5sumac9summa9sumos7sumps9sunna5sunns5sunny8sunup7super7supes7supra7surah8sural5suras5surds6surer5surfs8surfy11surge6surgy9surly8surra5sushi8sutra5sutta5swabs10swage9swags9swail8swain8swale8swami10swamp12swamy13swang9swank12swans8swaps10sward9sware8swarf11swarm10swart8swash11swath11swats8sways11swear8sweat8swede9sweep10sweer8sweet8swell8swept10swift11swigs9swill8swims10swine8swing9swink12swipe10swirl8swish11swiss8swith11swive11swobs10swoon8swoop10swops10sword9swore8sworn8swots8swoun8swung9sycee10syces10sykes12sylis8sylph13sylva11synch13syncs10synod9synth11syphs13syren8syrup10sysop10tabby12taber7tabes7tabid8tabla7table7taboo7tabor7tabun7tabus7taces7tacet7tache10tachs10tacit7tacks11tacky14tacos7tacts7taels5taffy14tafia8tahrs8taiga6tails5tains5taint5tajes12takas9taken9taker9takes9takin9talar5talas5talcs7taler5tales5talks9talky12talls5tally8talon5taluk9talus5tamal7tamed8tamer7tames7tamis7tammy12tamps9tanga6tango6tangs6tangy9tanka9tanks9tansy8tanto5tapas7taped8taper7tapes7tapir7tapis7tardo6tardy9tared6tares5targe6tarns5taroc7tarok9taros5tarot5tarps7tarre5tarry8tarsi5tarts5tarty8tasks9tasse5taste5tasty8tatar5tater5tates5tatty8taunt5tauon5taupe7tauts5tawed9tawer8tawie8tawny11tawse8taxed13taxer12taxes12taxis12taxol12taxon12taxus12tazza23tazze23teach10teaks9teals5teams7tears5teary8tease5teats5techs10techy13tecta7teddy10teels5teems7teens5teeny8teeth8teffs11teggs7tegua6teiid6teind6telae5telco7teles5telex12telia5telic7tells5telly8teloi5telos5tempi9tempo9temps9tempt9tench10tends6tendu6tenet5tenge6tenia5tenon5tenor5tense5tenth8tents5tenty8tepal7tepas7tepee7tepid8tepoy10terai5terce7terga6terms7terne5terns5terra5terry8terse5tesla5testa5tests5testy8teths8tetra5tetri5teuch10teugh9tewed9texas12texts12thack14thane8thank12tharm10thaws11thebe10theca10theft11thegn9thein8their8theme10thens8there8therm10these8thesp10theta8thews11thewy14thick14thief11thigh12thill8thine8thing9think12thins8thiol8third9thirl8thole8thong9thorn8thoro8thorp10those8thous8thraw11three8threw11thrip10throb10throe8throw11thrum10thuds9thugs9thuja15thumb12thump12thunk12thurl8thuya11thyme13thymi13thymy16tiara5tibia7tical7ticks11tidal6tided7tides6tiers5tiffs11tiger6tight9tigon6tikes9tikis9tikka13tilak9tilde6tiled6tiler5tiles5tills5tilth8tilts5timed8timer7times7timid8tinct7tinea5tined6tines5tinge6tings6tinny8tints5tipis7tippy12tipsy10tired6tires5tirls5tiros5titan5titer5tithe8titis5title5titre5titty8tizzy26toads6toady9toast5today9toddy10toeas5toffs11toffy14tofts8tofus8togae6togas6togue6toile5toils5toits5tokay12toked10token9toker9tokes9tolan5tolar5tolas5toled6toles5tolls5tolus5tolyl8toman7tombs9tomes7tommy12tonal5tondi6tondo6toned6toner5tones5toney8tonga6tongs6tonic7tonne5tonus5tools5toons5tooth8toots5topaz16toped8topee7toper7topes7tophe10tophi10tophs10topic9topis7topoi7topos7toque14torah8toras5torch10torcs7tores5toric7torii5toros5torot5torrs5torse5torsi5torsk9torso5torta5torte5torts5torus5total5toted6totem7toter5totes5touch10tough9tours5touse5touts5towed9towel8tower8towie8towns8towny11toxic14toxin12toyed9toyer8toyon8toyos8trace7track11tract7trade6tragi6traik9trail5train5trait5tramp9trams7trank9tranq14trans5traps7trapt7trash8trass5trave8trawl8trays8tread6treat5treed6treen5trees5treks9trend6tress5trets5trews8treys8triac7triad6trial5tribe7trice7trick11tried6trier5tries5trigo6trigs6trike9trill5trims7trine5triol5trios5tripe7trips7trite5troak9trock11trode6trogs6trois5troke9troll5tromp9trona5trone5troop7trooz14trope7troth8trots5trout5trove8trows8troys8truce7truck11trued6truer5trues5trugs6trull5truly8trump9trunk9truss5trust5truth8tryma10tryst8tsade6tsadi6tsars5tsked10tsuba7tubae7tubal7tubas7tubby12tubed8tuber7tubes7tucks11tufas8tuffs11tufts8tufty11tules5tulip7tulle5tumid8tummy12tumor7tumps9tunas5tuned6tuner5tunes5tungs6tunic7tunny8tupik11tuque14turbo7turds6turfs8turfy11turks9turns5turps7tushy11tusks9tutee5tutor5tutti5tutty8tutus5tuxes12tuyer8twaes8twain8twang9twats8tweak12tweed9tween8tweet8twerp10twice10twier8twigs9twill8twine8twins8twiny11twirl8twirp10twist8twits8twixt15twyer11tyees8tyers8tying9tyiyn11tykes12tyned9tynes8typal10typed11types10typey13typic12typos10typps12tyred9tyres8tyros8tythe11tzars14udder7udons6uhlan8ukase9ulama7ulans5ulcer7ulema7ulnad6ulnae5ulnar5ulnas5ulpan7ultra5ulvas8umami9umbel9umber9umbos9umbra9umiac9umiak11umiaq16umped10unais5unapt7unarm7unary8unaus5unban7unbar7unbid8unbox14uncap9uncia7uncle7uncos7uncoy10uncus7uncut7undee6under6undid7undue6unfed9unfit8unfix15ungot6unhat8unhip10unify11union5unite5units5unity8unjam14unlay8unled6unlet5unlit5unman7unmet7unmew10unmix14unpeg8unpen7unpin7unrig6unrip7unsay8unset5unsew8unsex12untie5until5unwed9unwet8unwit8unwon8unzip16upbow12upbye12updos8updry11upend8uplit7upped10upper9upset7uraei5urare5urari5urase5urate5urban7urbia7ureal5ureas5uredo6ureic7urged7urger6urges6urial5urine5urped8ursae5ursid6usage6users5usher8using6usnea5usque14usual5usurp7usury8uteri5utile5utter5uveal8uveas8uvula8vacua10vagal9vague9vagus9vails8vairs8vakil12vales8valet8valid9valor8valse8value8valve11vamps12vampy15vanda9vaned9vanes8vangs9vapid11vapor10varas8varia8varix15varna8varus8varve11vasal8vases8vasts8vasty11vatic10vatus8vault8vaunt8veals8vealy11veena8veeps10veers8veery11vegan9veges9vegie9veils8veins8veiny11velar8velds9veldt9velum10venae8venal8vends9venge9venin8venom10vents8venue8venus8verbs10verge9verse8verso8verst8verts8vertu8verve11vesta8vests8vetch13vexed16vexer15vexes15vexil15vials8viand9vibes10vicar10viced11vices10vichy16video9viers8views11viewy14vigas9vigia9vigil9vigor9viler8villa8villi8vills8vimen10vinal8vinas8vinca10vined9vines8vinic10vinos8vinyl11viola8viols8viper10viral8vireo8vires8virga9virid9virls8virtu8virus8visas8vised9vises8visit8visor8vista8vitae8vital8vitta8vivas11vivid12vixen15vizir17vizor17vocab12vocal10voces10vodka13vodou9vodun9vogie9vogue9voice10voids9voila8voile8volar8voled9voles8volta8volte8volti8volts8volva11vomer10vomit10voted9voter8votes8vouch13vowed12vowel11vower11vroom10vrouw11vrows11vuggs10vuggy13vughs12vulgo9vulva11vying12wacke14wacko14wacks14wacky17waddy13waded10wader9wades9wadis9wafer11waffs14wafts11waged10wager9wages9wagon9wahoo11waifs11wails8wains8wairs8waist8waits8waive11waked13waken12waker12wakes12waled9waler8wales8walks12walla8walls8wally11waltz17wames10wamus10wands9waned9wanes8waney11wanks12wanly11wants8wards9wared9wares8warks12warms10warns8warps10warts8warty11washy14wasps10waspy13waste8wasts8watap10watch13water8watts8waugh12wauks12wauls8waved12waver11waves11wavey14wawls11waxed16waxen15waxer15waxes15wazoo17weald9weals8weans8wears8weary11weave11webby15weber10wecht13wedel9wedge10wedgy13weeds9weedy12weeks12weens8weeny11weeps10weepy13weest8weets8wefts11weigh12weird9weirs8wekas12welch13welds9wells8welly11welsh11welts8wench13wends9wenny11wests8wetly11whack17whale11whamo13whams13whang12whaps13wharf14whats11whaup13wheal11wheat11wheel11wheen11wheep13whelk15whelm13whelp13whens11where11whets11whews14wheys14which16whids12whiff17whigs12while11whims13whine11whins11whiny14whips13whipt13whirl11whirr11whirs11whish14whisk15whist11white11whits11whity14whizz29whole11whomp15whoof14whoop13whops13whorl11whort11whose11whoso11whump15whups13wicca12wicks14widdy13widen9wider9wides9widow12width12wield9wifed12wifes11wifey14wifty14wigan9wiggy13wight12wilco10wilds9wiled9wiles8wills8willy11wilts8wimps12wimpy15wince10winch13winds9windy12wined9wines8winey11wings9wingy12winks12winos8winze17wiped11wiper10wipes10wired9wirer8wires8wirra8wised9wiser8wises8wisha11wisps10wispy13wists8witan8witch13wited9wites8withe11withy14witty11wived12wiver11wives11wizen17wizes17woads9woald9wodge10woful11woken12wolds9wolfs11woman10wombs12womby15women10womyn13wonks12wonky15wonts8woods9woody12wooed9wooer8woofs11wools8wooly11woops10woosh11woozy20words9wordy12works12world9worms10wormy13worry11worse8worst8worth11worts8would9wound9woven11wowed12wrack14wrang9wraps10wrapt10wrath11wreak12wreck14wrens8wrest8wrick14wried9wrier8wries8wring9wrist8write8writs8wrong9wrote8wroth11wrung9wryer11wryly14wurst8wushu11wussy11wyled12wyles11wynds12wynns11wyted12wytes11xebec16xenia12xenic14xenon12xeric14xerox19xerus12xylan15xylem17xylol15xylyl18xysti15xysts15yabby15yacht13yacks14yaffs14yager9yagis9yahoo11yaird9yamen10yamun10yangs9yanks12yapok14yapon10yards9yarer8yarns8yauds9yauld9yaups10yawed12yawey14yawls11yawns11yawps13yclad11yeahs11yeans8yearn8years8yeast8yecch15yechs13yechy16yeggs10yelks12yells8yelps10yenta8yente8yerba10yerks12yeses8yetis8yetts8yeuks12yeuky15yield9yikes12yills8yince10yipes10yirds9yirrs8yirth11ylems10yobbo12yocks14yodel9yodhs12yodle9yogas9yogee9yoghs12yogic11yogin9yogis9yoked13yokel12yokes12yolks12yolky15yomim12yonic10yonis8yores8young9yourn8yours8youse8youth11yowed12yowes11yowie11yowls11yuans8yucas10yucca12yucch15yucks14yucky17yugas9yukky19yulan8yules8yummy15yupon10yuppy15yurta8yurts8zaire14zamia16zanza23zappy21zarfs17zaxes21zayin17zazen23zeals14zebec18zebra16zebus16zeins14zerks18zeros14zests14zesty17zetas14zibet16zilch19zills14zincs16zincy19zineb16zines14zings15zingy18zinky21zippy21ziram16zitis14zizit23zlote14zloty17zoeae14zoeal14zoeas14zombi18zonae14zonal14zoned15zoner14zones14zonks18zooey17zooid15zooks18zooms16zoons14zooty17zoril14zoris14zouks18zowie17zuzim25zymes19
